spec,num_agents,epi,planner,diffusion_method,area_size,env_gcbf_goal_scale,achievable_guidance,stl_mixed_spec_mode,num_candidates,max_step,spec_len,success_mean,success_std,safe_mean,task_rate,task_rate_std,TtR,TtR_std,plan_time_mean,plan_time_std,finish_rate,id,url,tags,_source
mseq3-m2branch2-mcover3-m2loop3-m2signal3,8,10,diffusion,edm-ma,6,,False,first1,8,4800,15,97.5,5.0,100.0,,,1981.8570556640625,72.27025604248047,29.4941,6.4839,0.975000023841858,tzsgskga,https://wandb.ai/csbric/diff-mastl-test/runs/tzsgskga,,native-a6
mseq3-m2branch2-mcover3-m2loop3-m2signal3,16,10,diffusion,edm-ma,6,,False,first1,8,4800,15,96.25,7.5,98.125,,,2059.530029296875,80.04463958740234,25.545,2.997,0.981249988079071,sk862wf0,https://wandb.ai/csbric/diff-mastl-test/runs/sk862wf0,_2yzs5p7mn3boo6_20260623T065040Z,native-a6
mseq3-m2branch2-mcover3-m2loop3-m2signal3,8,10,diffusion,edm-ma,6,,True,first1,8,4800,15,98.75,3.75,100.0,,,1804.3929443359375,67.46450805664062,124.8063,43.013,0.987500011920929,55fzhpw4,https://wandb.ai/csbric/diff-mastl-test/runs/55fzhpw4,,native-a6
mseq3-m2branch2-mcover3-m2loop3-m2signal3,8,10,diffusion,edm-ma,6,,True,first1,8,4800,15,98.75,3.75,100.0,,,1564.9642333984375,86.1529541015625,130.8338,34.3389,0.987500011920929,s2z8osjm,https://wandb.ai/csbric/diff-mastl-test/runs/s2z8osjm,,native-a6
mseq3-m2branch2-mcover3-m2loop3-m2signal3,8,10,diffusion,edm-ma,6,,False,first1,8,4800,15,100.0,0.0,100.0,,,1750.0,126.09123229980467,29.0274,6.4279,1.0,f5d2gd50,https://wandb.ai/csbric/diff-mastl-test/runs/f5d2gd50,,native-a6
mseq3-m2branch2-mcover3-m2loop3-m2signal3,8,10,diffusion,edm,6,,False,first1,8,4800,15,91.25,9.762812094883317,96.25,,,1868.0477294921875,226.8262634277344,10.9626,8.7563,0.9375,33jhhwt0,https://wandb.ai/csbric/diff-mastl-test/runs/33jhhwt0,,native-a6
mseq3-m2branch2-mcover3-m2loop3-m2signal3,16,10,diffusion,edm-ma,6,,False,first1,8,4800,15,98.75,2.5,100.0,,,1794.9749755859375,82.58980560302734,25.1853,2.7253,0.987500011920929,rceicdzr,https://wandb.ai/csbric/diff-mastl-test/runs/rceicdzr,_9teomy2bdo5zpd_20260623T072233Z,native-a6
mseq3-m2branch2-mcover3-m2loop3-m2signal3,16,10,diffusion,edm,6,,False,first1,8,4800,15,82.5,11.792476415070755,87.5,,,2070.75146484375,183.5625762939453,10.0701,6.2698,0.943750023841858,wzsmzw93,https://wandb.ai/csbric/diff-mastl-test/runs/wzsmzw93,,native-a6
mseq3-m2branch2-mcover3-m2loop3-m2signal3,8,10,ce_nl,edm-ma,6,,False,first1,8,6000,30,27.500000000000004,12.247448713915892,97.5,,,1446.3333740234375,164.56809997558594,39.5939,11.5994,0.2750000059604645,lhnguq6l,https://wandb.ai/csbric/diff-mastl-test/runs/lhnguq6l,,native-a6
mseq3-m2branch2-mcover3-m2loop3-m2signal3,16,10,diffusion,edm-ma,6,,True,first1,8,4800,15,96.25,5.0,98.75,,,1898.5191650390625,86.51515197753906,360.8085,2.7335,0.975000023841858,a885e910,https://wandb.ai/csbric/diff-mastl-test/runs/a885e910,_awtrtzi0ksj7ic_20260623T071159Z,native-a6
mseq3-m2branch2-mcover3-m2loop3-m2signal3,32,10,diffusion,edm,6,,False,first1,8,4800,15,62.18749999999999,9.827615745947744,69.0625,,,2325.288330078125,77.3569107055664,19.3468,6.867,0.887499988079071,aqcu2pdc,https://wandb.ai/csbric/diff-mastl-test/runs/aqcu2pdc,_ojvtkrdvwh6w47_20260623T072634Z,native-a6
mseq3-m2branch2-mcover3-m2loop3-m2signal3,16,10,diffusion,edm-ma,6,,True,first1,8,4800,15,98.125,4.00195264839553,98.75,,,1637.3917236328125,103.88851928710938,355.1689,5.722,0.9937500357627868,zfffalnm,https://wandb.ai/csbric/diff-mastl-test/runs/zfffalnm,_usxuk1ofemjc86_20260623T071908Z,native-a6
mseq3-m2branch2-mcover3-m2loop3-m2signal3,8,10,stlpy,edm-ma,6,,False,first1,8,4800,15,95.0,6.123724356957945,98.75,,,1538.7857666015625,301.5978088378906,6.0818,0.2938,0.9625000357627868,j8ok65qr,https://wandb.ai/csbric/diff-mastl-test/runs/j8ok65qr,,native-a6
mseq3-m2branch2-mcover3-m2loop3-m2signal3,8,10,stlpy,edm-ma,6,,False,first1,8,4800,15,90.0,7.5,95.0,,,1199.0,145.7878875732422,5.9788,0.3072,0.949999988079071,x0x4pa39,https://wandb.ai/csbric/diff-mastl-test/runs/x0x4pa39,,native-a6
mseq3-m2branch2-mcover3-m2loop3-m2signal3,16,10,stlpy,edm-ma,6,,False,first1,8,4800,15,81.875,9.862333648787187,92.5,,,1396.4827880859375,134.25814819335938,20.8036,1.1645,0.893750011920929,j7kw3zr4,https://wandb.ai/csbric/diff-mastl-test/runs/j7kw3zr4,,native-a6
mseq3-m2branch2-mcover3-m2loop3-m2signal3,16,10,stlpy,edm-ma,6,,False,first1,8,4800,15,90.0,8.926785535678562,93.125,,,1173.416748046875,102.85372161865234,20.4135,1.3547,0.96875,e6x94wxf,https://wandb.ai/csbric/diff-mastl-test/runs/e6x94wxf,,native-a6
mseq3-m2branch2-mcover3-m2loop3-m2signal3,8,10,diffusion,edm-ma,6,,False,last1,8,4800,15,98.75,3.75,98.75,,,1881.25,160.98699951171875,26.5736,5.5975,1.0,pq95tepj,https://wandb.ai/csbric/diff-mastl-test/runs/pq95tepj,,native-a6
mseq3-m2branch2-mcover3-m2loop3-m2signal3,32,10,stlpy,edm-ma,6,,False,first1,8,4800,15,76.25,5.0775240028974755,83.75,,,1599.801025390625,129.52597045898438,45.5439,3.198,0.921875,by6f9voq,https://wandb.ai/csbric/diff-mastl-test/runs/by6f9voq,_p91euv5jr3aihb_20260623T080449Z,native-a6
mseq3-m2branch2-mcover3-m2loop3-m2signal3,32,10,stlpy,edm-ma,6,,False,first1,8,4800,15,75.3125,4.517760092125301,83.125,,,1353.678466796875,112.10479736328124,45.0264,2.3789,0.9156250357627868,mdihq137,https://wandb.ai/csbric/diff-mastl-test/runs/mdihq137,_zzlbe8f04oi8ki_20260623T080652Z,native-a6
mseq3-m2branch2-mcover3-m2loop3-m2signal3,8,10,diffusion,edm-ma,6,,True,last1,8,4800,15,95.0,10.0,97.5,,,1725.5,121.47941589355467,124.9316,40.2551,0.975000023841858,86thbbel,https://wandb.ai/csbric/diff-mastl-test/runs/86thbbel,,native-a6
mseq3-m2branch2-mcover3-m2loop3-m2signal3,16,10,diffusion,edm-ma,6,,False,last1,8,4800,15,98.75,2.5,100.0,,,1943.3831787109375,81.53216552734375,22.7201,2.2521,0.987500011920929,0zur6q7j,https://wandb.ai/csbric/diff-mastl-test/runs/0zur6q7j,_qo05qgx6o4rm2c_20260623T081359Z,native-a6
mseq3-m2branch2-mcover3-m2loop3-m2signal3,8,10,diffusion,edm-ma,6,,False,last1,8,4800,15,100.0,0.0,100.0,,,1783.0,344.9996337890625,26.9002,5.7096,1.0,fu7t13z1,https://wandb.ai/csbric/diff-mastl-test/runs/fu7t13z1,,native-a6
mseq3-m2branch2-mcover3-m2loop3-m2signal3,8,10,diffusion,edm-ma,6,,True,last1,8,4800,15,98.75,3.75,98.75,,,1583.5,192.66226196289065,126.7196,35.3863,1.0,jy3oouup,https://wandb.ai/csbric/diff-mastl-test/runs/jy3oouup,,native-a6
mseq3-m2branch2-mcover3-m2loop3-m2signal3,8,10,diffusion,edm,6,,False,last1,8,4800,15,86.25,8.75,91.25,,,1717.7142333984375,165.75244140625,10.7896,8.8833,0.949999988079071,txtrllxg,https://wandb.ai/csbric/diff-mastl-test/runs/txtrllxg,,native-a6
mseq3-m2branch2-mcover3-m2loop3-m2signal3,16,10,diffusion,edm-ma,6,,False,last1,8,4800,15,98.125,2.8641098093474002,100.0,,,1715.7750244140625,102.33614349365234,23.3257,2.6676,0.981249988079071,t6w3uq7x,https://wandb.ai/csbric/diff-mastl-test/runs/t6w3uq7x,_yqb1osw7wge8ez_20260623T082712Z,native-a6
mseq3-m2branch2-mcover3-m2loop3-m2signal3,16,10,diffusion,edm,6,,False,last1,8,4800,15,78.75,10.532687216470448,78.75,,,2209.908447265625,270.62103271484375,10.1237,6.3829,0.987500011920929,fal5u1ge,https://wandb.ai/csbric/diff-mastl-test/runs/fal5u1ge,,native-a6
mseq3-m2branch2-mcover3-m2loop3-m2signal3,16,10,diffusion,edm-ma,6,,True,last1,8,4800,15,94.375,6.525191568069093,96.875,,,1801.8739013671875,150.7019805908203,360.8928,2.703,0.975000023841858,1mrnni4c,https://wandb.ai/csbric/diff-mastl-test/runs/1mrnni4c,_i6izuagpbl69e8_20260623T082008Z,native-a6
mseq3-m2branch2-mcover3-m2loop3-m2signal3,8,10,stlpy,edm-ma,6,,False,last1,8,4800,15,93.75,6.25,97.5,,,1529.4285888671875,170.11231994628906,5.956,0.3182,0.9625000357627868,a344s23j,https://wandb.ai/csbric/diff-mastl-test/runs/a344s23j,,native-a6
mseq3-m2branch2-mcover3-m2loop3-m2signal3,32,10,diffusion,edm,6,,False,last1,8,4800,15,45.3125,11.879111130467631,47.8125,,,2319.564697265625,155.88064575195312,19.1373,6.5505,0.918749988079071,26mpt6xw,https://wandb.ai/csbric/diff-mastl-test/runs/26mpt6xw,_42bwk5y2iviwqj_20260623T083320Z,native-a6
mseq3-m2branch2-mcover3-m2loop3-m2signal3,16,10,stlpy,edm-ma,6,,False,last1,8,4800,15,85.625,7.930360962780951,92.5,,,1421.1488037109375,160.6210479736328,19.3875,1.0845,0.925000011920929,1kpzl82z,https://wandb.ai/csbric/diff-mastl-test/runs/1kpzl82z,,native-a6
mseq3-m2branch2-mcover3-m2loop3-m2signal3,8,10,stlpy,edm-ma,6,,False,last1,8,4800,15,95.0,8.2915619758885,98.75,,,1327.071533203125,279.26544189453125,6.0346,0.3709,0.9625000357627868,wggruqai,https://wandb.ai/csbric/diff-mastl-test/runs/wggruqai,,native-a6
mseq3-m2branch2-mcover3-m2loop3-m2signal3,16,10,diffusion,edm-ma,6,,True,last1,8,4800,15,96.875,3.125,99.375,,,1561.033447265625,110.7150650024414,345.7856,34.8745,0.975000023841858,i5d1fap4,https://wandb.ai/csbric/diff-mastl-test/runs/i5d1fap4,_400sl9z15l96wi_20260623T082916Z,native-a6
mseq3-m2branch2-mcover3-m2loop3-m2signal3,32,10,stlpy,edm-ma,6,,False,last1,8,4800,15,67.5,12.747548783981962,75.3125,,,1565.7459716796875,128.93991088867188,44.6359,2.8229,0.9000000357627869,mpej9qkd,https://wandb.ai/csbric/diff-mastl-test/runs/mpej9qkd,_54jkuhf9pld6jj_20260623T084632Z,native-a6
mseq3-m2branch2-mcover3-m2loop3-m2signal3,16,10,stlpy,edm-ma,6,,False,last1,8,4800,15,83.75,6.959705453537526,93.125,,,1200.747314453125,157.0887908935547,20.1219,1.0476,0.887499988079071,ixthzxzs,https://wandb.ai/csbric/diff-mastl-test/runs/ixthzxzs,,native-a6
mseq3-m2branch2-mcover3-m2loop3-m2signal3,32,10,stlpy,edm-ma,6,,False,last1,8,4800,15,58.4375,8.844357311303067,66.25,,,1501.7886962890625,239.83343505859375,45.1544,2.478,0.9000000357627869,8kvkmjl8,https://wandb.ai/csbric/diff-mastl-test/runs/8kvkmjl8,_xhmpc61s7saeh5_20260623T085453Z,native-a6
mseq3-m2branch2-mcover3-m2loop3-m2signal3,8,10,diffusion,edm-ma,6,,False,None,8,4800,15,98.75,3.75,100.0,,,1991.0,127.35283660888672,30.3456,6.9669,0.987500011920929,111k4ifi,https://wandb.ai/csbric/diff-mastl-test/runs/111k4ifi,,native-a6
mseq3-m2branch2-mcover3-m2loop3-m2signal3,8,10,diffusion,edm-ma,6,,True,None,8,4800,15,98.75,3.75,98.75,,,1776.0357666015625,66.3702621459961,121.0144,46.9555,0.987500011920929,a5n0aeam,https://wandb.ai/csbric/diff-mastl-test/runs/a5n0aeam,,native-a6
mseq3-m2branch2-mcover3-m2loop3-m2signal3,8,10,diffusion,edm-ma,6,,False,None,8,4800,15,100.0,0.0,100.0,,,1739.0,230.5205993652344,30.2147,6.604,1.0,lduag45j,https://wandb.ai/csbric/diff-mastl-test/runs/lduag45j,,native-a6
mseq3-m2branch2-mcover3-m2loop3-m2signal3,16,10,diffusion,edm-ma,6,,False,None,8,4800,15,96.25,5.0,98.125,,,2034.6929931640625,194.26039123535156,26.3872,3.1135,0.981249988079071,epnn5aip,https://wandb.ai/csbric/diff-mastl-test/runs/epnn5aip,_6eh6hyy1swcltm_20260623T090517Z,native-a6
mseq3-m2branch2-mcover3-m2loop3-m2signal3,8,10,diffusion,edm-ma,6,,True,None,8,4800,15,100.0,0.0,100.0,,,1564.75,114.82731628417967,122.7402,44.935,1.0,r39u09xe,https://wandb.ai/csbric/diff-mastl-test/runs/r39u09xe,,native-a6
mseq3-m2branch2-mcover3-m2loop3-m2signal3,16,10,diffusion,edm-ma,6,,False,None,8,4800,15,96.25,5.7282196186948005,98.75,,,1730.6832275390625,96.07889556884766,26.047,3.2352,0.975000023841858,56swklvj,https://wandb.ai/csbric/diff-mastl-test/runs/56swklvj,_58k2jf3q5pesjp_20260623T091201Z,native-a6
mseq3-m2branch2-mcover3-m2loop3-m2signal3,8,10,diffusion,edm,6,,False,None,8,4800,15,87.5,12.5,97.5,,,1798.147705078125,265.59417724609375,12.1038,10.2075,0.9000000357627869,4dqvlfj6,https://wandb.ai/csbric/diff-mastl-test/runs/4dqvlfj6,,native-a6
mseq3-m2branch2-mcover3-m2loop3-m2signal3,16,10,diffusion,edm-ma,6,,True,None,8,4800,15,96.25,6.37377439199098,98.125,,,1814.7418212890625,61.88916778564453,346.0339,48.8803,0.981249988079071,fbsfgfs5,https://wandb.ai/csbric/diff-mastl-test/runs/fbsfgfs5,_k5d8zff9vgk4yb_20260623T090756Z,native-a6
mseq3-m2branch2-mcover3-m2loop3-m2signal3,8,10,stlpy,edm-ma,6,,False,None,8,4800,15,93.75,8.38525491562421,98.75,,,1560.25,174.05873107910156,7.5693,0.5851,0.949999988079071,5hygd696,https://wandb.ai/csbric/diff-mastl-test/runs/5hygd696,,native-a6
mseq3-m2branch2-mcover3-m2loop3-m2signal3,16,10,diffusion,edm,6,,False,None,8,4800,15,88.125,9.457966219013473,90.625,,,2047.0618896484375,153.9544677734375,11.542,7.4818,0.96875,t5o67dtp,https://wandb.ai/csbric/diff-mastl-test/runs/t5o67dtp,,native-a6
mseq3-m2branch2-mcover3-m2loop3-m2signal3,16,10,stlpy,edm-ma,6,,False,None,8,4800,15,89.375,6.874999999999999,95.0,,,1407.9715576171875,123.5159912109375,25.1245,1.8656,0.943750023841858,cpvtr63k,https://wandb.ai/csbric/diff-mastl-test/runs/cpvtr63k,,native-a6
mseq3-m2branch2-mcover3-m2loop3-m2signal3,16,10,diffusion,edm-ma,6,,True,None,8,4800,15,95.0,7.288689868556625,98.125,,,1604.3250732421875,109.66152954101562,352.7661,13.3793,0.96875,uayaquyh,https://wandb.ai/csbric/diff-mastl-test/runs/uayaquyh,_7yvxnpv0lp8v1h_20260623T091706Z,native-a6
mseq3-m2branch2-mcover3-m2loop3-m2signal3,32,10,diffusion,edm,6,,False,None,8,4800,15,57.8125,11.114637027361713,64.375,,,2284.52197265625,169.44773864746094,21.6115,6.9125,0.887499988079071,lzgzkrn2,https://wandb.ai/csbric/diff-mastl-test/runs/lzgzkrn2,_pg4itm1m4qv4a6_20260623T092717Z,native-a6
mseq3-m2branch2-mcover3-m2loop3-m2signal3,32,10,stlpy,edm-ma,6,,False,None,8,4800,15,81.875,4.375,89.375,,,1625.5521240234375,129.71604919433594,55.808,3.9291,0.925000011920929,wz08w5bw,https://wandb.ai/csbric/diff-mastl-test/runs/wz08w5bw,_d398qhfumvvqid_20260623T093424Z,native-a6
mseq3-m2branch2-mcover3-m2loop3-m2signal3,8,10,stlpy,edm-ma,6,,False,None,8,4800,15,91.25,12.562344526401112,95.0,,,1327.321533203125,183.3161163330078,7.0393,0.3755,0.9625000357627868,7gsh5m89,https://wandb.ai/csbric/diff-mastl-test/runs/7gsh5m89,,native-a6
mseq3-m2branch2-mcover3-m2loop3-m2signal3,16,10,stlpy,edm-ma,6,,False,None,8,4800,15,88.125,5.1916399143237975,94.375,,,1074.675048828125,101.3716812133789,23.472,1.59,0.9312500357627868,itaw6jar,https://wandb.ai/csbric/diff-mastl-test/runs/itaw6jar,,native-a6
mseq3-m2branch2-mcover3-m2loop3-m2signal3,32,10,stlpy,edm-ma,6,,False,None,8,4800,15,80.625,4.14578098794425,88.4375,,,1359.1102294921875,109.70428466796876,52.83,2.955,0.9156250357627868,3kwhubhv,https://wandb.ai/csbric/diff-mastl-test/runs/3kwhubhv,_uzo7dzcpgbv121_20260623T100422Z,native-a6
mseq3-m2branch2-mcover3-m2loop3-m2signal3,32,10,diffusion,edm-ma,6,,False,first1,8,4800,15,85.0,7.368641326594748,90.625,,,2307.50634765625,69.47860717773438,27.9077,1.0931,0.940625011920929,xayhjfws,https://wandb.ai/csbric/diff-mastl-test/runs/xayhjfws,_kzb2t2zi3g6nib_20260623T125854Z,native-a6
mseq3-m2branch2-mcover3-m2loop3-m2signal3,32,10,diffusion,edm-ma,6,,False,first1,8,4800,15,91.5625,5.048592006688598,94.375,,,2035.8570556640625,85.90777587890625,19.5872,0.0132,0.971875011920929,dn6gmrhl,https://wandb.ai/csbric/diff-mastl-test/runs/dn6gmrhl,_9g8q0gea0kriiy_20260623T130428Z,native-a6
mseq3-m2branch2-mcover3-m2loop3-m2signal3,32,10,diffusion,edm-ma,6,,False,last1,8,4800,15,76.875,12.43734296383275,79.6875,,,2223.219482421875,79.45317077636719,27.0098,0.7719,0.965624988079071,i54k22qm,https://wandb.ai/csbric/diff-mastl-test/runs/i54k22qm,_4tlhlcl3paxq6a_20260623T132306Z,native-a6
mseq3-m2branch2-mcover3-m2loop3-m2signal3,32,10,diffusion,edm-ma,6,,False,None,8,4800,15,87.5,5.2291251658379725,89.6875,,,2312.317138671875,111.91107177734376,27.3269,0.9592,0.9781250357627868,ssq4ec9g,https://wandb.ai/csbric/diff-mastl-test/runs/ssq4ec9g,_d9kcnf8vb2dygo_20260623T135509Z,native-a6
mseq3-m2branch2-mcover3-m2loop3-m2signal3,32,10,diffusion,edm-ma,6,,False,None,8,4800,15,89.6875,3.9651804813904747,92.8125,,,1977.9150390625,100.19009399414062,30.436,0.5447,0.96875,633n3azc,https://wandb.ai/csbric/diff-mastl-test/runs/633n3azc,_fdxulels41fdx3_20260623T141327Z,native-a6
mseq3-m2branch2-mcover3-m2loop3-m2signal3,32,10,diffusion,edm-ma,6,,False,last1,8,4800,15,84.0625,10.3125,86.5625,,,1971.2933349609375,108.92552185058594,26.6145,0.825,0.975000023841858,e91c5q41,https://wandb.ai/csbric/diff-mastl-test/runs/e91c5q41,_inbrz5107rqn4t_20260623T201650Z,native-a6
mseq3-m2branch2-mcover3-m2loop3-m2signal3,32,10,diffusion,edm-ma,6,,False,last1,8,4800,15,83.4375,6.8536600623316595,85.625,,,1930.9559326171875,100.03742980957033,26.6151,0.6993,0.971875011920929,we2kk40t,https://wandb.ai/csbric/diff-mastl-test/runs/we2kk40t,_w1yywwxjryp1q9_20260623T203458Z,native-a6
mseq3-m2branch2-mcover3-m2loop3-m2signal3,32,10,diffusion,edm-ma,6,,False,last1,8,4800,15,85.3125,9.6875,87.1875,,,2000.9534912109375,105.20053100585938,23.616,0.7237,0.981249988079071,m8fxdx3v,https://wandb.ai/csbric/diff-mastl-test/runs/m8fxdx3v,_5h1jqbvpbjbezz_20260623T213653Z,native-a6
mseq3-m2branch2-mcover3-m2loop3-m2signal3,32,10,diffusion,edm-ma,6,,False,last1,8,4800,15,87.5,9.882117688026186,89.6875,,,2045.302001953125,91.1803970336914,14.32,0.0412,0.9781250357627868,scju1huj,https://wandb.ai/csbric/diff-mastl-test/runs/scju1huj,_pltct1y090qoqy_20260623T233255Z,native-a6
mseq3-m2branch2-mcover3-m2loop3-m2signal3,32,10,diffusion,edm-ma,6,,False,last1,8,4800,15,84.6875,7.961087001785623,87.5,,,2008.001220703125,89.82157135009766,14.4789,0.0095,0.9625000357627868,8kdg0vae,https://wandb.ai/csbric/diff-mastl-test/runs/8kdg0vae,_7rco53472bfw3r_20260624T000339Z,native-a6
mseq3-m2branch2-mcover3-m2loop3-m2signal3,32,10,diffusion,edm-ma,6,,False,last1,8,4800,15,86.25,9.702609185162515,90.0,,,1972.228759765625,87.47599792480469,21.2245,0.0171,0.959375023841858,ycvyvdn2,https://wandb.ai/csbric/diff-mastl-test/runs/ycvyvdn2,_q7bo4ufy210aq4_20260624T002149Z,native-a6
mseq3-m2branch2-mcover3-m2loop3-m2signal3,32,10,diffusion,edm-ma,6,,False,last1,8,4800,15,86.875,9.249155366842963,90.3125,,,1942.9742431640625,104.55040740966795,21.4847,0.0346,0.956250011920929,0yo79dyd,https://wandb.ai/csbric/diff-mastl-test/runs/0yo79dyd,_dr09o2w9ul7e1x_20260624T003937Z,native-a6
mseq3-m2branch2-mcover3-m2loop3-m2signal3,32,10,diffusion,edm-ma,6,,False,last1,8,4800,15,89.6875,8.27387643429608,91.25,,,2013.5,83.84832000732422,21.3874,0.0523,0.981249988079071,7op4cwu1,https://wandb.ai/csbric/diff-mastl-test/runs/7op4cwu1,_5czd5ekocygxf6_20260624T005400Z,native-a6
mseq3-m2branch2-mcover3-m2loop3-m2signal3,32,10,diffusion,edm-ma,6,,False,last1,8,4800,15,85.9375,11.961037005627901,88.125,,,1992.4586181640625,98.75205993652344,21.3374,0.0222,0.9781250357627868,7127p5os,https://wandb.ai/csbric/diff-mastl-test/runs/7127p5os,_lnlfsg9ted9jp5_20260624T011103Z,native-a6
mseq3-m2branch2-mcover3-m2loop3-m2signal3,32,10,diffusion,edm-ma,6,,False,last1,8,4800,15,87.5,9.782797401561579,90.3125,,,2007.2564697265625,86.4267578125,21.6386,0.0322,0.971875011920929,iug7jsqp,https://wandb.ai/csbric/diff-mastl-test/runs/iug7jsqp,_568o5l1qy2a25s_20260624T013034Z,native-a6
mseq3-m2branch2-mcover3-m2loop3-m2signal3,32,10,diffusion,edm-ma,6,,False,last1,8,4800,15,88.75,11.021995055342748,90.3125,,,2009.1229248046875,129.57632446289062,22.126,0.0263,0.981249988079071,podt3k5z,https://wandb.ai/csbric/diff-mastl-test/runs/podt3k5z,_what4y4cgyvu54_20260624T014740Z,native-a6
mseq3-m2branch2-mcover3-m2loop3-m2signal3,32,10,diffusion,edm-ma,6,,False,last1,8,4800,15,83.75,10.439558180306292,86.5625,,,1983.0614013671875,105.354248046875,21.3146,0.0158,0.971875011920929,1f3a5ma9,https://wandb.ai/csbric/diff-mastl-test/runs/1f3a5ma9,_fnm0mg5iq3k9i6_20260624T020439Z,native-a6
mseq3-m2branch2-mcover3-m2loop3-m2signal3,32,10,diffusion,edm-ma,6,,False,last1,8,4800,15,86.5625,15.184413266570425,88.4375,,,1929.360595703125,75.98250579833984,21.524,0.0199,0.981249988079071,eqlqyaez,https://wandb.ai/csbric/diff-mastl-test/runs/eqlqyaez,_yi0f9glknwk01s_20260624T021912Z,native-a6
mseq3-m2branch2-mcover3-m2loop3-m2signal3,32,10,diffusion,edm-ma,6,,False,last1,8,4800,15,85.3125,10.179060921813956,89.6875,,,1897.0135498046875,72.35684204101562,21.2392,0.0128,0.953125,uptij0la,https://wandb.ai/csbric/diff-mastl-test/runs/uptij0la,_9ogenuly8rnbey_20260624T023839Z,native-a6
mseq3-m2branch2-mcover3-m2loop3-m2signal3,32,10,diffusion,edm-ma,6,,False,last1,8,4800,15,88.125,7.098635432250341,90.0,,,1995.109375,148.1035919189453,21.4632,0.0265,0.9781250357627868,5rnpxgog,https://wandb.ai/csbric/diff-mastl-test/runs/5rnpxgog,_45rcvjk9w6hhec_20260624T025316Z,native-a6
mseq3-m2branch2-mcover3-m2loop3-m2signal3,32,10,diffusion,edm-ma,6,,False,last1,8,4800,15,88.125,10.807260291119114,90.0,,,2033.8687744140625,107.0215301513672,21.4064,0.0239,0.981249988079071,cv5z8sln,https://wandb.ai/csbric/diff-mastl-test/runs/cv5z8sln,_juxcb3t8m68ubl_20260624T031240Z,native-a6
mseq3-m2branch2-mcover3-m2loop3-m2signal3,32,10,diffusion,edm-ma,6,,False,last1,8,4800,15,90.9375,11.392328833473867,93.75,,,1933.864501953125,99.28631591796876,21.4413,0.0384,0.971875011920929,67jno4rl,https://wandb.ai/csbric/diff-mastl-test/runs/67jno4rl,_qwv3v32mgpvoem_20260624T032721Z,native-a6
mseq3-m2branch2-mcover3-m2loop3-m2signal3,8,3,diffusion,edm-ma,10,2,False,first1,8,4800,15,91.66666666666666,5.892556509887896,100.0,,,2424.21435546875,204.5591735839844,3.4934,0.8028,0.9166666865348816,f0td1sgv,https://wandb.ai/csbric/diff-mastl-test/runs/f0td1sgv,"goal-scale,gs2.0",gs2.0-a10
mseq3-m2branch2-mcover3-m2loop3-m2signal3,8,3,stlpy,edm-ma,10,2,False,first1,8,4800,15,58.333333333333336,5.892556509887896,100.0,,,1440.666748046875,53.29373550415039,12.3899,0.4213,0.5833333730697632,gh5zqw36,https://wandb.ai/csbric/diff-mastl-test/runs/gh5zqw36,"goal-scale,gs2.0",gs2.0-a10
mseq3-m2branch2-mcover3-m2loop3-m2signal3,16,3,diffusion,edm-ma,10,2,False,first1,8,4800,15,91.66666666666666,2.946278254943948,100.0,,,2513.381103515625,57.194366455078125,6.1803,1.4094,0.9166666865348816,kert91iv,https://wandb.ai/csbric/diff-mastl-test/runs/kert91iv,"goal-scale,gs2.0",gs2.0-a10
mseq3-m2branch2-mcover3-m2loop3-m2signal3,16,3,stlpy,edm-ma,10,2,False,first1,8,4800,15,64.58333333333334,2.946278254943948,95.83333333333334,,,1596.3636474609375,39.22688293457031,25.2634,0.316,0.6875,6gn8oe9k,https://wandb.ai/csbric/diff-mastl-test/runs/6gn8oe9k,"goal-scale,gs2.0",gs2.0-a10
mseq3-m2branch2-mcover3-m2loop3-m2signal3,32,3,diffusion,edm-ma,10,2,False,first1,8,4800,15,89.58333333333334,3.897559777889522,98.95833333333334,,,2699.0458984375,153.734130859375,7.9037,1.8076,0.8958333730697632,ietvs4pq,https://wandb.ai/csbric/diff-mastl-test/runs/ietvs4pq,"goal-scale,gs2.0",gs2.0-a10
mseq3-m2branch2-mcover3-m2loop3-m2signal3,32,3,stlpy,edm-ma,10,2,False,first1,8,4800,15,66.66666666666666,6.421264586426018,90.625,,,1808.5,95.72333526611328,46.1929,0.4987,0.75,sa5tmyv6,https://wandb.ai/csbric/diff-mastl-test/runs/sa5tmyv6,"goal-scale,gs2.0",gs2.0-a10
mseq3-m2branch2-mcover3-m2loop3-m2signal3,64,3,diffusion,edm-ma,10,2,False,first1,8,4800,15,70.83333333333334,4.83000963307068,80.20833333333334,,,3149.7138671875,77.85359954833984,20.9445,3.8542,0.8854166865348816,sm1rrbw2,https://wandb.ai/csbric/diff-mastl-test/runs/sm1rrbw2,"goal-scale,gs2.0",gs2.0-a10
mseq3-m2branch2-mcover3-m2loop3-m2signal3,64,3,stlpy,edm-ma,10,2,False,first1,8,4800,15,55.208333333333336,2.655739329996242,83.33333333333334,,,1834.99658203125,20.431520462036133,90.9598,1.6681,0.6979166865348816,n8japtot,https://wandb.ai/csbric/diff-mastl-test/runs/n8japtot,"goal-scale,gs2.0",gs2.0-a10
mseq3-m2branch2-mcover3-m2loop3-m2signal3,128,3,diffusion,edm-ma,10,2,False,first1,8,4800,15,34.375,5.4501170667855074,41.92708333333333,,,3662.4697265625,78.08081817626953,49.888,0.0681,0.7760416865348816,dhlreotp,https://wandb.ai/csbric/diff-mastl-test/runs/dhlreotp,"goal-scale,gs2.0",gs2.0-a10
mseq3-m2branch2-mcover3-m2loop3-m2signal3,128,3,stlpy,edm-ma,10,2,False,first1,8,4800,15,33.33333333333333,1.948779888944761,64.0625,,,2264.7666015625,74.6401596069336,195.1481,2.7117,0.6614583730697632,z34c6fg2,https://wandb.ai/csbric/diff-mastl-test/runs/z34c6fg2,"goal-scale,gs2.0",gs2.0-a10
