spec,num_agents,epi,planner,team_alloc,team_disjunctive,team_avoid,global_stl_only,ma_stl_loss_coeff,achievable_loss_coeff,achievable_guidance,env_gcbf_goal_scale,area_size,success_mean,success_std,safe_mean,task_rate,task_rate_std,task_success_rate,TtR,TtR_std,plan_time_mean,plan_time_std,finish_rate,id,url,gs,_source,tags
team_choiceseq3,32,10,diffusion,greedy,True,True,False,1,0.1,False,1.25,6,76.25,10.933034802834936,76.25,1.0,0.0,0.15000000596046448,2447.551025390625,447.0809326171875,2.9103,3.3515,1.0,k8kfrm63,https://wandb.ai/csbric/gcbfplus-stl-test/runs/k8kfrm63,1.25,choiceseq_gs125,"a6,combo-sweep,emergent,goal-scale,gs1.25,nan-fix,spec-v2,stagger,team-final"
team_choiceseq3,32,10,stlpy,greedy,False,True,False,1,0.1,False,1.25,6,32.96875,11.080537907182125,44.375,0.75,0.25,0.0,1933.5,128.04869079589844,18.2228,0.3801,0.75,rde6rrbt,https://wandb.ai/csbric/gcbfplus-stl-test/runs/rde6rrbt,1.25,choiceseq_gs125,"a6,combo-sweep,goal-scale,gs1.25,spec-v2,stagger,team-final"
team_choiceseq3,32,10,diffusion,greedy,False,True,False,1,0.1,False,1.25,6,82.8125,9.504316453590969,82.8125,1.0,0.0,0.0,2518.666748046875,329.8199768066406,42.0221,1.3553,1.0,5yd8nng3,https://wandb.ai/csbric/gcbfplus-stl-test/runs/5yd8nng3,1.25,choiceseq_gs125,"a6,combo-sweep,goal-scale,gs1.25,nan-fix,spec-v2,stagger,team-final"
team_redun4x8,32,1,diffusion,greedy,True,True,False,1,0.1,False,,6,96.875,0.0,96.875,1.0,0.0,0.75,1345.0,0.0,10.7896,0.0,1.0,idug2flu,https://wandb.ai/csbric/gcbfplus-stl-test/runs/idug2flu,1.0,redun,task-repair-ab
team_redun4x8,32,10,diffusion,greedy,True,True,False,1,0.1,False,,6,85.46875,10.318416863186911,90.0,0.949999988079071,0.10000000149011612,0.3499999940395355,1920.549072265625,527.7392578125,10.9024,0.3824,0.949999988079071,d2bhr6m8,https://wandb.ai/csbric/gcbfplus-stl-test/runs/d2bhr6m8,1.0,redun,task-repair-ab
team_redun4x4,16,1,diffusion,greedy,True,True,False,1,0.1,True,,6,100.0,0.0,100.0,1.0,0.0,1.0,1255.0,0.0,153.0584,0.0,1.0,8d6wxhzo,https://wandb.ai/csbric/gcbfplus-stl-test/runs/8d6wxhzo,1.0,redun,ach-bench
team_redun4x4,16,1,diffusion,greedy,True,True,False,1,0.1,True,,6,100.0,0.0,100.0,1.0,0.0,1.0,1386.0,0.0,56.5679,0.0,1.0,7tounq8q,https://wandb.ai/csbric/gcbfplus-stl-test/runs/7tounq8q,1.0,redun,ach-bench
team_redun4x4,16,3,diffusion,greedy,True,True,False,1,0.1,True,,6,95.83333333333334,5.892556509887896,95.83333333333334,1.0,0.0,0.9166666865348816,1374.77783203125,141.56935119628906,19.1108,18.3592,1.0,7kmde7o5,https://wandb.ai/csbric/gcbfplus-stl-test/runs/7kmde7o5,1.0,redun,ach-bench
team_redun4x8,32,10,diffusion,greedy,True,True,False,1,0.1,True,,6,85.234375,14.550768141772618,92.5,0.925000011920929,0.16007810831069946,0.45000001788139343,1862.12060546875,523.998046875,106.734,0.1878,0.925000011920929,wq3b9k4f,https://wandb.ai/csbric/gcbfplus-stl-test/runs/wq3b9k4f,1.0,redun,ach-bench
team_redun4x2,8,10,diffusion,greedy,True,True,False,1,0.1,False,,6,100.0,0.0,100.0,1.0,0.0,1.0,1416.3333740234375,161.05345153808594,2.0706,2.9146,1.0,kxfnwm84,https://wandb.ai/csbric/gcbfplus-stl-test/runs/kxfnwm84,1.0,redun,"a6,emergent,team-final"
team_redun4x2,8,10,diffusion,oracle_hungarian,False,True,False,1,0.1,False,,6,100.0,0.0,100.0,1.0,0.0,1.0,1328.2222900390625,521.3822631835938,1.0132,2.2702,1.0,5cbnp47f,https://wandb.ai/csbric/gcbfplus-stl-test/runs/5cbnp47f,1.0,redun,"a6,hungarian,team-final"
team_redun4x2,8,10,stlpy,oracle_hungarian,False,True,False,1,0.1,False,,6,93.75,10.077822185373188,98.75,0.949999988079071,0.10000000149011612,0.925000011920929,480.375,52.7625732421875,7.5822,0.145,0.949999988079071,2clzb7yd,https://wandb.ai/csbric/gcbfplus-stl-test/runs/2clzb7yd,1.0,redun,"a6,stlpy-hungarian,team-final"
team_redun4x4,16,10,diffusion,greedy,True,True,False,1,0.1,False,,6,100.0,0.0,100.0,1.0,0.0,1.0,1468.052490234375,470.91058349609375,5.6408,3.7524,1.0,jn3dp66b,https://wandb.ai/csbric/gcbfplus-stl-test/runs/jn3dp66b,1.0,redun,"a6,emergent,team-final"
team_redun4x4,16,10,diffusion,oracle_hungarian,False,True,False,1,0.1,False,,6,94.21875,11.776938866382045,96.25,0.975000023841858,0.07500000298023224,0.9000000357627869,1456.77783203125,363.2434692382813,6.6428,4.1781,0.975000023841858,89w1zj78,https://wandb.ai/csbric/gcbfplus-stl-test/runs/89w1zj78,1.0,redun,"a6,hungarian,team-final"
team_redun4x4,16,10,stlpy,oracle_hungarian,False,True,False,1,0.1,False,,6,84.53125,12.70246192918916,99.375,0.8500000238418579,0.12247449159622192,0.824999988079071,663.9583740234375,170.7402801513672,15.0874,0.2877,0.8500000238418579,aajpk3e5,https://wandb.ai/csbric/gcbfplus-stl-test/runs/aajpk3e5,1.0,redun,"a6,stlpy-hungarian,team-final"
team_redun4x8,32,10,diffusion,greedy,True,True,False,1,0.1,False,,6,85.625,13.305125598336156,95.0,0.9000000357627869,0.12247448414564133,0.675000011920929,1725.5948486328125,682.0342407226562,10.8671,0.0126,0.9000000357627869,sq784cvk,https://wandb.ai/csbric/gcbfplus-stl-test/runs/sq784cvk,1.0,redun,"a6,emergent,team-final"
team_redun4x8,32,10,diffusion,oracle_hungarian,False,True,False,1,0.1,False,,6,91.25,7.880950133074058,91.25,1.0,0.0,0.5,1529.4495849609375,153.9291534423828,10.3756,3.1675,1.0,8ulmt27r,https://wandb.ai/csbric/gcbfplus-stl-test/runs/8ulmt27r,1.0,redun,"a6,hungarian,team-final"
team_redun4x8,32,10,diffusion,greedy,True,True,False,1,0.1,False,,6,94.6875,6.09975665498223,94.6875,1.0,0.0,0.7250000238418579,1512.3846435546875,198.3636016845703,10.7572,0.0209,1.0,ry1xtsxy,https://wandb.ai/csbric/gcbfplus-stl-test/runs/ry1xtsxy,1.0,redun,task-repair-ab
team_redun4x8,32,10,diffusion,greedy,True,True,False,1,0.1,False,,6,82.1875,14.93720580254219,90.9375,0.9000000357627869,0.12247448414564133,0.574999988079071,1823.4664306640625,327.7224426269531,10.4275,0.0177,0.9000000357627869,wni2a4er,https://wandb.ai/csbric/gcbfplus-stl-test/runs/wni2a4er,1.0,redun,task-repair-ab
team_redun4x8,32,10,diffusion,oracle_hungarian,False,True,False,1,0.1,False,,6,91.25,7.368641326594748,91.25,1.0,0.0,0.6000000238418579,1701.8974609375,540.2341918945312,10.1717,3.1048,1.0,jsybdoxa,https://wandb.ai/csbric/gcbfplus-stl-test/runs/jsybdoxa,1.0,redun,task-repair-ab
team_choiceseq3,8,10,diffusion,greedy,True,True,False,1,0.1,False,,6,100.0,0.0,100.0,1.0,0.0,0.5,1706.0,168.35972595214844,0.5992,0.1642,1.0,2muf7mmu,https://wandb.ai/csbric/gcbfplus-stl-test/runs/2muf7mmu,1.0,choiceseq_v2,"a6,emergent,spec-v2,team-final"
team_redun4x2,8,10,stlpy_global,greedy,False,True,False,1,0.1,False,,6,100.0,0.0,100.0,1.0,0.0,1.0,561.0,0.0,778.4472,1.6098,1.0,3zg26ley,https://wandb.ai/csbric/gcbfplus-stl-test/runs/3zg26ley,1.0,redun,"a6,stlpy-global,team-final"
team_redun4x8,32,10,stlpy,oracle_hungarian,False,True,False,1,0.1,False,,6,64.453125,6.649809824583332,85.9375,0.75,0.0,0.20000000298023224,,,29.7461,0.5156,0.75,56rz6yf0,https://wandb.ai/csbric/gcbfplus-stl-test/runs/56rz6yf0,1.0,redun,"a6,stlpy-hungarian,team-final"
team_choiceseq3,8,10,diffusion,oracle_hungarian,False,True,False,1,0.1,False,,6,100.0,0.0,100.0,1.0,0.0,0.05000000074505806,2081.0,0.0,35.9422,0.458,1.0,i6kp0bas,https://wandb.ai/csbric/gcbfplus-stl-test/runs/i6kp0bas,1.0,choiceseq_v2,"a6,hungarian,spec-v2,team-final"
team_choiceseq3,16,10,stlpy,oracle_hungarian,False,True,False,1,0.1,False,,6,30.0,6.584783595532961,60.0,0.5,0.0,0.0,,,10.751,0.6991,0.5,qs0cc8m1,https://wandb.ai/csbric/gcbfplus-stl-test/runs/qs0cc8m1,1.0,choiceseq_v2,"a6,spec-v2,stlpy-hungarian,team-final"
team_choiceseq3,8,10,stlpy,oracle_hungarian,False,True,False,1,0.1,False,,6,46.875,3.125,93.75,0.5,0.0,0.3499999940395355,,,5.3061,0.5013,0.5,z3lkvbab,https://wandb.ai/csbric/gcbfplus-stl-test/runs/z3lkvbab,1.0,choiceseq_v2,"a6,spec-v2,stlpy-hungarian,team-final"
team_choiceseq3,16,10,diffusion,greedy,True,True,False,1,0.1,False,,6,96.875,6.404344228724749,96.875,1.0,0.0,0.4000000059604645,2048.5,399.1256103515625,0.6625,0.1516,1.0,wamw128d,https://wandb.ai/csbric/gcbfplus-stl-test/runs/wamw128d,1.0,choiceseq_v2,"a6,emergent,spec-v2,team-final"
team_choiceseq3,16,10,diffusion,oracle_hungarian,False,True,False,1,0.1,False,,6,92.5,14.737282653189496,97.5,0.949999988079071,0.14999999105930328,0.0,2011.0,140.8545379638672,33.7279,0.3451,0.949999988079071,1wg9z800,https://wandb.ai/csbric/gcbfplus-stl-test/runs/1wg9z800,1.0,choiceseq_v2,"a6,hungarian,spec-v2,team-final"
team_choiceseq3,8,10,diffusion,greedy,True,True,False,1,0.1,False,,6,100.0,0.0,100.0,1.0,0.0,0.5,1721.550048828125,166.9809112548828,0.8041,0.2118,1.0,jvfjru8x,https://wandb.ai/csbric/gcbfplus-stl-test/runs/jvfjru8x,1.0,choiceseq_v2,"a6,emergent,spec-v2,stagger,team-final"
team_choiceseq3,8,10,stlpy,oracle_hungarian,False,True,False,1,0.1,False,,6,47.5,3.0618621784789726,95.0,0.5,0.0,0.4000000059604645,,,5.3088,0.3963,0.5,7iuemluv,https://wandb.ai/csbric/gcbfplus-stl-test/runs/7iuemluv,1.0,choiceseq_v2,"a6,spec-v2,stagger,stlpy-hungarian,team-final"
team_choiceseq3,16,10,diffusion,greedy,True,True,False,1,0.1,False,,6,5.0,15.000000000000002,98.75,0.05000000074505806,0.14999999105930328,0.05000000074505806,,,11.211,0.0227,0.05000000074505806,zx51hotb,https://wandb.ai/csbric/gcbfplus-stl-test/runs/zx51hotb,1.0,choiceseq_v2,"a6,emergent,spec-v2,stagger,team-final"
team_choiceseq3,16,10,stlpy,oracle_hungarian,False,True,False,1,0.1,False,,6,35.3125,5.048592006688598,70.625,0.5,0.0,0.0,,,10.7648,0.6632,0.5,rhmjauay,https://wandb.ai/csbric/gcbfplus-stl-test/runs/rhmjauay,1.0,choiceseq_v2,"a6,spec-v2,stagger,stlpy-hungarian,team-final"
team_choiceseq3,32,10,diffusion,greedy,True,True,False,1,0.1,False,,6,70.9375,6.8536600623316595,70.9375,1.0,0.0,0.0,2754.68359375,476.5041198730469,3.0191,1.6772,1.0,944n6jnt,https://wandb.ai/csbric/gcbfplus-stl-test/runs/944n6jnt,1.0,choiceseq_v2,"a6,emergent,spec-v2,stagger,team-final"
team_choiceseq3,32,10,diffusion,greedy,True,True,False,1,0.1,False,,6,63.74999999999999,11.792476415070755,63.74999999999999,1.0,0.0,0.05000000074505806,2400.333251953125,327.06341552734375,1.5175,0.9089,1.0,pekvedyf,https://wandb.ai/csbric/gcbfplus-stl-test/runs/pekvedyf,1.0,choiceseq_v2,"a6,emergent,spec-v2,team-final"
team_choiceseq3,32,10,diffusion,oracle_hungarian,False,True,False,1,0.1,False,,6,71.25,16.875,74.6875,0.949999988079071,0.14999999105930328,0.0,2676.926025390625,897.5642700195312,42.3632,1.2832,0.949999988079071,u1oohbfl,https://wandb.ai/csbric/gcbfplus-stl-test/runs/u1oohbfl,1.0,choiceseq_v2,"a6,hungarian,spec-v2,team-final"
team_choiceseq3,32,10,stlpy,oracle_hungarian,False,True,False,1,0.1,False,,6,14.6875,3.8400642898264086,29.375,0.5,0.0,0.0,,,22.5662,0.7974,0.5,ehzt1er1,https://wandb.ai/csbric/gcbfplus-stl-test/runs/ehzt1er1,1.0,choiceseq_v2,"a6,spec-v2,stlpy-hungarian,team-final"
team_choiceseq3,16,10,diffusion,greedy,True,True,False,1,0.1,False,,6,98.75,3.75,98.75,1.0,0.0,0.5,1845.300048828125,135.95469665527344,12.0232,2.2192,1.0,tk5zcwmj,https://wandb.ai/csbric/gcbfplus-stl-test/runs/tk5zcwmj,1.0,choiceseq_v2,"a6,emergent,nan-fix,spec-v2,stagger,team-final"
team_choiceseq3,16,10,diffusion,greedy,True,True,False,1,0.1,False,,6,89.375,11.875,89.375,1.0,0.0,0.4000000059604645,2148.58349609375,561.4722290039062,0.661,0.15,1.0,z80pi2kz,https://wandb.ai/csbric/gcbfplus-stl-test/runs/z80pi2kz,1.0,choiceseq_v2,"a6,emergent,spec-v2,stagger,team-final"
team_choiceseq3,32,10,stlpy,oracle_hungarian,False,True,False,1,0.1,False,,6,12.968750000000002,5.089530460906979,25.937500000000004,0.5,0.0,0.0,,,22.5154,0.7564,0.5,pqivsg3s,https://wandb.ai/csbric/gcbfplus-stl-test/runs/pqivsg3s,1.0,choiceseq_v2,"a6,spec-v2,stagger,stlpy-hungarian,team-final"
team_choiceseq3,32,10,diffusion,greedy,True,True,False,1,0.1,False,,6,56.875,13.750000000000002,56.875,1.0,0.0,0.0,2949.924072265625,478.21337890625,3.6851,2.1937,1.0,x77tjtj4,https://wandb.ai/csbric/gcbfplus-stl-test/runs/x77tjtj4,1.0,choiceseq_v2,"a6,emergent,nan-fix,spec-v2,stagger,team-final"
team_choiceseq3,32,10,diffusion,greedy_last,False,True,False,1,0.1,False,,6,71.25,17.940875118009156,75.0,0.949999988079071,0.14999999105930328,0.0,2259.0927734375,187.31011962890625,40.3597,0.9409,0.949999988079071,p92uni9i,https://wandb.ai/csbric/gcbfplus-stl-test/runs/p92uni9i,1.0,choiceseq_v2,"a6,alloc-sweep,nan-fix,spec-v2,stagger,team-final"
team_choiceseq3,8,10,stlpy_global,greedy,False,True,False,1,0.1,False,,6,58.12500000000001,22.543360996089294,88.75,0.6500000357627869,0.22912877798080444,0.45000001788139343,973.1428833007812,62.14288330078125,832.297,9.8875,0.6500000357627869,4lozy92j,https://wandb.ai/csbric/gcbfplus-stl-test/runs/4lozy92j,1.0,choiceseq_v2,"a6,spec-v2,stlpy-global,team-final"
team_choiceseq3,32,10,diffusion,greedy,False,True,False,1,0.1,False,,6,77.5,14.973935688388673,81.5625,0.949999988079071,0.14999999105930328,0.0,2434.75,937.2872924804688,40.3192,1.2817,0.949999988079071,p01vmix3,https://wandb.ai/csbric/gcbfplus-stl-test/runs/p01vmix3,1.0,choiceseq_v2,"a6,alloc-sweep,nan-fix,spec-v2,stagger,team-final"
team_choiceseq3,32,10,diffusion,random,False,True,False,1,0.1,False,,6,69.6875,13.481034131326869,73.75,0.949999988079071,0.14999999105930328,0.0,2206.27783203125,334.12921142578125,40.5547,1.4283,0.949999988079071,1gj5ttk8,https://wandb.ai/csbric/gcbfplus-stl-test/runs/1gj5ttk8,1.0,choiceseq_v2,"a6,alloc-sweep,nan-fix,spec-v2,stagger,team-final"
team_choiceseq3,32,10,stlpy,random,False,True,False,1,0.1,False,,6,31.5625,10.048709494258453,43.4375,0.75,0.25,0.0,1751.6966552734375,160.0896453857422,18.1568,0.3981,0.75,jrhritl6,https://wandb.ai/csbric/gcbfplus-stl-test/runs/jrhritl6,1.0,choiceseq_v2,"a6,alloc-sweep,spec-v2,stagger,team-final"
team_choiceseq3,32,10,stlpy,greedy,False,True,False,1,0.1,False,,6,36.09375,13.983283826143985,43.125,0.8500000238418579,0.22912877798080444,0.05000000074505806,1776.7679443359375,157.8520965576172,17.9093,0.3853,0.8500000238418579,71w7ebwy,https://wandb.ai/csbric/gcbfplus-stl-test/runs/71w7ebwy,1.0,choiceseq_v2,"a6,alloc-sweep,spec-v2,stagger,team-final"
team_choiceseq3,32,10,diffusion,oracle_hungarian,False,True,False,1,0.1,False,,6,72.34375,14.55810690174035,76.5625,0.949999988079071,0.14999999105930328,0.0,2531.337158203125,588.2669067382812,39.8109,1.2271,0.949999988079071,mi2dk7p4,https://wandb.ai/csbric/gcbfplus-stl-test/runs/mi2dk7p4,1.0,choiceseq_v2,"a6,alloc-sweep,nan-fix,spec-v2,stagger,team-final"
team_choiceseq3,32,10,stlpy,greedy_last,False,True,False,1,0.1,False,,6,23.59375,9.515868736615696,32.1875,0.75,0.25,0.0,2159.0,153.3857421875,19.0096,0.542,0.75,vyw1ootm,https://wandb.ai/csbric/gcbfplus-stl-test/runs/vyw1ootm,1.0,choiceseq_v2,"a6,alloc-sweep,spec-v2,stagger,team-final"
team_choiceseq3,32,10,diffusion,greedy,False,True,False,1,0.1,True,1.0,6,55.15624999999999,20.034759832912897,68.75,0.800000011920929,0.24494898319244385,0.0,2243.5,49.0,285.6115,2.9279,0.800000011920929,x1qnfy1b,https://wandb.ai/csbric/gcbfplus-stl-test/runs/x1qnfy1b,1.0,choiceseq_v2,"a6,ach,combo-sweep,nan-fix,spec-v2,stagger,team-final"
team_choiceseq3,32,10,diffusion,greedy,False,True,False,1,0.1,False,1.0,6,71.40625,14.423322313617623,75.3125,0.949999988079071,0.14999999105930328,0.0,2459.58349609375,1011.4534301757812,41.8133,1.0949,0.949999988079071,czty094f,https://wandb.ai/csbric/gcbfplus-stl-test/runs/czty094f,1.0,choiceseq_v2,"a6,combo-sweep,nan-fix,spec-v2,stagger,team-final"
team_choiceseq3,32,10,diffusion,oracle_hungarian,False,True,False,1,0.1,False,1.0,6,71.875,12.655285457072866,71.875,1.0,0.0,0.0,2741.0,787.6565551757812,42.3035,1.2928,1.0,u22amidt,https://wandb.ai/csbric/gcbfplus-stl-test/runs/u22amidt,1.0,choiceseq_v2,"a6,combo-sweep,nan-fix,spec-v2,stagger,team-final"
team_choiceseq3,32,10,diffusion,greedy,True,True,False,1,0.1,True,1.0,6,58.75,9.662265521087692,58.75,1.0,0.0,0.05000000074505806,2458.53173828125,420.0531005859375,38.4807,25.5256,1.0,2ns994o8,https://wandb.ai/csbric/gcbfplus-stl-test/runs/2ns994o8,1.0,choiceseq_v2,"a6,ach,combo-sweep,emergent,nan-fix,spec-v2,stagger,team-final"
